{
  "model": "TimesFM 1.0 (200M) PyTorch",
  "input": {
    "source": "NOAA GISTEMP Global Temperature Anomaly",
    "n_observations": 36,
    "date_range": "2022-01 to 2024-12",
    "mean_anomaly_c": 1.09
  },
  "forecast": {
    "horizon": 12,
    "dates": [
      "2025-01",
      "2025-02",
      "2025-03",
      "2025-04",
      "2025-05",
      "2025-06",
      "2025-07",
      "2025-08",
      "2025-09",
      "2025-10",
      "2025-11",
      "2025-12"
    ],
    "point": [
      1.25933837890625,
      1.285666823387146,
      1.2950127124786377,
      1.2207623720169067,
      1.170255422592163,
      1.1455552577972412,
      1.1702347993850708,
      1.2026824951171875,
      1.1909748315811157,
      1.1490840911865234,
      1.080478549003601,
      1.0613453388214111
    ],
    "quantiles": {
      "10%": [
        1.2481880187988281,
        1.2773758172988892,
        1.286991834640503,
        1.2084007263183594,
        1.1533130407333374,
        1.1275498867034912,
        1.1510555744171143,
        1.1859495639801025,
        1.1784849166870117,
        1.1264795064926147,
        1.0624356269836426,
        1.036609172821045
      ],
      "20%": [
        1.1407020092010498,
        1.1406043767929077,
        1.126852035522461,
        1.0352504253387451,
        0.9691494703292847,
        0.9420379400253296,
        0.9503718018531799,
        0.970925509929657,
        0.9594371318817139,
        0.9079477190971375,
        0.8361266255378723,
        0.8022069334983826
      ],
      "30%": [
        1.1880751848220825,
        1.1960833072662354,
        1.187617301940918,
        1.104191780090332,
        1.0431063175201416,
        1.01105535030365,
        1.0347577333450317,
        1.0594383478164673,
        1.040370225906372,
        0.9952926635742188,
        0.9259791970252991,
        0.8952187299728394
      ],
      "40%": [
        1.2137157917022705,
        1.232267141342163,
        1.2349879741668701,
        1.151865005493164,
        1.0932612419128418,
        1.0658776760101318,
        1.084773302078247,
        1.1106674671173096,
        1.1036059856414795,
        1.0548235177993774,
        0.9882403016090393,
        0.9593706727027893
      ],
      "50%": [
        1.2394564151763916,
        1.2593891620635986,
        1.267505168914795,
        1.1853008270263672,
        1.127617597579956,
        1.1061187982559204,
        1.128767728805542,
        1.1579902172088623,
        1.1511956453323364,
        1.1052223443984985,
        1.03863525390625,
        1.0152238607406616
      ],
      "60%": [
        1.25933837890625,
        1.285666823387146,
        1.2950127124786377,
        1.2207623720169067,
        1.170255422592163,
        1.1455552577972412,
        1.1702347993850708,
        1.2026824951171875,
        1.1909748315811157,
        1.1490840911865234,
        1.080478549003601,
        1.0613453388214111
      ],
      "70%": [
        1.27677321434021,
        1.3110136985778809,
        1.3284480571746826,
        1.2566629648208618,
        1.2019660472869873,
        1.1806211471557617,
        1.2114834785461426,
        1.2399210929870605,
        1.2390201091766357,
        1.1897773742675781,
        1.1281580924987793,
        1.1032856702804565
      ],
      "80%": [
        1.2971320152282715,
        1.3400218486785889,
        1.3547290563583374,
        1.2898554801940918,
        1.2390310764312744,
        1.2180578708648682,
        1.248227596282959,
        1.2842004299163818,
        1.2832940816879272,
        1.240414023399353,
        1.175971508026123,
        1.153149962425232
      ],
      "90%": [
        1.3239599466323853,
        1.3751201629638672,
        1.403548240661621,
        1.3310348987579346,
        1.2891905307769775,
        1.2702757120132446,
        1.2997852563858032,
        1.3408125638961792,
        1.3354730606079102,
        1.286876916885376,
        1.2283769845962524,
        1.2169079780578613
      ],
      "99%": [
        1.3678879737854004,
        1.4253658056259155,
        1.4642648696899414,
        1.40165376663208,
        1.3632389307022095,
        1.3453660011291504,
        1.380732536315918,
        1.4195259809494019,
        1.416972041130066,
        1.3775466680526733,
        1.3122477531433105,
        1.2959520816802979
      ]
    }
  },
  "summary": {
    "forecast_mean_c": 1.186,
    "forecast_max_c": 1.295,
    "forecast_min_c": 1.061,
    "vs_last_year_mean": -0.067
  }
}