{
  "model": "TimesFM 2.5 (200M) PyTorch",
  "input": {
    "source": "NOAA GISTEMP Global Temperature Anomaly",
    "n_observations": 36,
    "date_range": "2022-01 to 2024-12",
    "mean_anomaly_c": 1.09
  },
  "forecast": {
    "horizon": 12,
    "dates": [
      "2025-01",
      "2025-02",
      "2025-03",
      "2025-04",
      "2025-05",
      "2025-06",
      "2025-07",
      "2025-08",
      "2025-09",
      "2025-10",
      "2025-11",
      "2025-12"
    ],
    "point": [
      1.2223774194717407,
      1.2563583850860596,
      1.286476969718933,
      1.2404881715774536,
      1.202637791633606,
      1.2100199460983276,
      1.2253109216690063,
      1.242181420326233,
      1.2697352170944214,
      1.2496668100357056,
      1.2135264873504639,
      1.2034140825271606
    ],
    "quantiles": {
      "mean": [
        1.2215940952301025,
        1.25020170211792,
        1.2816917896270752,
        1.2406753301620483,
        1.1969143152236938,
        1.1963896751403809,
        1.215125322341919,
        1.2292917966842651,
        1.260316252708435,
        1.243622064590454,
        1.2031627893447876,
        1.1867241859436035
      ],
      "10%": [
        1.1230626106262207,
        1.1482248306274414,
        1.1694772243499756,
        1.119297981262207,
        1.0776876211166382,
        1.0811384916305542,
        1.0917631387710571,
        1.1043028831481934,
        1.123927354812622,
        1.0962445735931396,
        1.0545523166656494,
        1.0412306785583496
      ],
      "20%": [
        1.1613993644714355,
        1.1891648769378662,
        1.2141374349594116,
        1.1689229011535645,
        1.1280149221420288,
        1.1352497339248657,
        1.14747953414917,
        1.1598811149597168,
        1.1872941255569458,
        1.1630417108535767,
        1.122357964515686,
        1.1113251447677612
      ],
      "30%": [
        1.1832486391067505,
        1.2134029865264893,
        1.2430503368377686,
        1.195752739906311,
        1.1554758548736572,
        1.168745994567871,
        1.1764129400253296,
        1.1929150819778442,
        1.21628737449646,
        1.193880558013916,
        1.1572109460830688,
        1.1433371305465698
      ],
      "40%": [
        1.2030284404754639,
        1.2355918884277344,
        1.263671875,
        1.216238260269165,
        1.1801764965057373,
        1.1853771209716797,
        1.2029411792755127,
        1.2164186239242554,
        1.2429510354995728,
        1.2217119932174683,
        1.1864622831344604,
        1.1752326488494873
      ],
      "50%": [
        1.2223774194717407,
        1.2563583850860596,
        1.286476969718933,
        1.2404881715774536,
        1.202637791633606,
        1.2100199460983276,
        1.2253109216690063,
        1.242181420326233,
        1.2697352170944214,
        1.2496668100357056,
        1.2135264873504639,
        1.2034140825271606
      ],
      "60%": [
        1.2409887313842773,
        1.2787915468215942,
        1.310140609741211,
        1.2653591632843018,
        1.2274069786071777,
        1.2333428859710693,
        1.2509559392929077,
        1.2669979333877563,
        1.297649621963501,
        1.2757388353347778,
        1.2447277307510376,
        1.2308053970336914
      ],
      "70%": [
        1.2626991271972656,
        1.3061509132385254,
        1.3365126848220825,
        1.2880775928497314,
        1.2546851634979248,
        1.255994200706482,
        1.2764854431152344,
        1.292467474937439,
        1.3236799240112305,
        1.3041385412216187,
        1.2706530094146729,
        1.2621959447860718
      ],
      "80%": [
        1.2927711009979248,
        1.3358023166656494,
        1.3725820779800415,
        1.323773741722107,
        1.2890899181365967,
        1.2938039302825928,
        1.3113453388214111,
        1.3304922580718994,
        1.35800302028656,
        1.3376693725585938,
        1.3091387748718262,
        1.2912497520446777
      ],
      "90%": [
        1.3396029472351074,
        1.3880285024642944,
        1.426570177078247,
        1.3806401491165161,
        1.3469675779342651,
        1.3532465696334839,
        1.3728348016738892,
        1.3949750661849976,
        1.4252188205718994,
        1.4098162651062012,
        1.380167841911316,
        1.3700783252716064
      ]
    }
  },
  "summary": {
    "forecast_mean_c": 1.235,
    "forecast_max_c": 1.286,
    "forecast_min_c": 1.203,
    "vs_last_year_mean": -0.017
  }
}